1,"Bolton, Jennings and Peterson",Technology,1331,West Michele
2,Chandler-Hebert,Retail,2583,West Megan
3,"Nichols, Deleon and Todd",Healthcare,2145,Reynoldschester
4,"Kane, Williamson and Walters",Manufacturing,197,Henryville
5,Brooks-Schmidt,Manufacturing,1750,Lisatown
6,Payne-Davis,Retail,4476,Aaronstad
7,Rasmussen-Lopez,Technology,4974,Melissabury
8,"Bailey, Adams and Hanson",Finance,4560,West Chris
9,"James, Esparza and Martinez",Retail,569,North Robertside
10,"Ross, Dillon and Greene",Retail,2676,Palmerside
11,"Davis, Gray and Reyes",Manufacturing,599,Paulton
12,Robertson LLC,Healthcare,2941,Lauraton
13,"Rosales, Mendoza and Andrade",Finance,3402,West Erika
14,Olsen Group,Finance,1396,Pamelabury
15,Ballard-Warren,Manufacturing,4708,Nelsonfurt
16,Johnston-Davis,Healthcare,122,Woodmouth
17,Smith LLC,Retail,4974,Christopherland
18,"Silva, Figueroa and Curtis",Manufacturing,75,Phamhaven
19,"Velez, Patrick and Walker",Finance,2077,Scottmouth
20,"Stout, Gross and Hayes",Retail,1027,Port Wesley
21,Thomas Group,Finance,2725,North Dale
22,Hill-Ellis,Finance,4032,Lake Sherri
23,Roach-Todd,Manufacturing,2318,East Anthony
24,Carter Group,Manufacturing,2045,Lake Dana
25,Richardson-Thompson,Finance,2192,Lake Josephbury
26,Carr and Sons,Manufacturing,4664,Port Theresachester
27,Jones PLC,Finance,3814,West Adamberg
28,Lawson-Berry,Retail,1622,Joelborough
29,"Hoffman, Delgado and Lamb",Retail,1838,Alexandrabury
30,Cooper-Smith,Technology,211,Cruzchester
31,Gutierrez-Lee,Retail,4811,Williamsview
32,"Wise, Davis and Love",Finance,974,South Stephanie
33,Thomas-Mosley,Retail,3827,Port Tiffany
34,Fleming-Carter,Technology,3369,Lake April
35,Wall-Garrett,Technology,1296,Dennisburgh
36,Sanchez-Chambers,Finance,3122,Chanchester
37,Richard and Sons,Retail,3174,South Theresaport
38,"Zimmerman, Velasquez and Ellis",Technology,3254,Lake Gailberg
39,Perez-Price,Manufacturing,1599,New Vickistad
40,"Reynolds, Gonzalez and Morales",Healthcare,896,Lindsayburgh
41,"Stephens, Hansen and Hull",Healthcare,869,Dyerchester
42,"Green, Hatfield and Grant",Manufacturing,4088,Davidport
43,"Long, Hamilton and Lawson",Manufacturing,4801,Lake Jacob
44,"Mccarthy, Williams and White",Manufacturing,3261,Jeremiahmouth
45,Ruiz-Hamilton,Retail,2988,New Juanborough
46,"Martinez, Ramirez and Gonzalez",Healthcare,1926,Lewisbury
47,Burns-Kennedy,Healthcare,3012,New Kimberlymouth
48,"Swanson, James and Fernandez",Finance,3721,Gilbertfort
49,"Davis, Oliver and Gallegos",Healthcare,750,Wardland
50,"Watkins, Keller and Richardson",Technology,888,North Elizabeth
51,Phillips LLC,Finance,1579,South Shanemouth
52,"Hardin, Ward and Gamble",Finance,3104,Wrightside
53,Burch-Anderson,Technology,2622,West Williamberg
54,"Smith, Walton and Miller",Manufacturing,4152,Petersport
55,Moore-Gonzalez,Healthcare,449,Douglasfurt
56,"Smith, Smith and White",Manufacturing,4172,East Heatherstad
57,Mitchell PLC,Manufacturing,4085,Joshuaside
58,Wolfe-Bowen,Retail,1304,East Denniston
59,"Boyd, Gross and Clark",Technology,2643,North Kenneth
60,Mccoy-Frost,Manufacturing,1304,Ryanmouth
61,Austin PLC,Retail,693,Lake Emily
62,"Mcintosh, Smith and Wong",Finance,3703,Nolanbury
63,Hansen-Bradford,Manufacturing,1228,Franklinchester
64,Smith Inc,Healthcare,1618,South Glennstad
65,Ochoa and Sons,Healthcare,3498,Port Heather
66,Hawkins Inc,Manufacturing,498,Loweshire
67,"Robinson, Mccall and Vasquez",Technology,4426,Wheelerburgh
68,Martinez-Wilson,Healthcare,1208,Port Sharontown
69,Davis PLC,Technology,844,Sarahmouth
70,"Lara, Harris and Cannon",Manufacturing,453,West David
71,Taylor Inc,Retail,3919,North Ashley
72,Stephenson and Sons,Healthcare,3092,West Rhondastad
73,Hughes-Walker,Retail,230,Johnsonfort
74,Phillips-Christensen,Technology,2273,Port Alyssaburgh
75,Baker-Trujillo,Retail,3097,Angelaborough
76,Fleming-Chan,Healthcare,3071,Morrishaven
77,Fuller and Sons,Technology,920,East Benjaminchester
78,Marks Inc,Finance,855,Alicebury
79,West Group,Technology,4399,North Briannaside
80,Kim-Briggs,Manufacturing,1595,South Richardtown
81,Matthews-Walker,Technology,4853,New Markport
82,"Nelson, Reed and Hunt",Finance,2521,North Emilyfurt
83,Knight-Moore,Manufacturing,4759,Masseystad
84,"Reese, Waters and Chang",Technology,3780,Port Sarahbury
85,Lee-Leblanc,Finance,2726,West Christophermouth
86,Chambers Ltd,Manufacturing,972,Westshire
87,Foster and Sons,Manufacturing,4414,Lake Edward
88,Collins-King,Healthcare,3660,Fischerberg
89,Green LLC,Manufacturing,3540,Cabrerashire
90,"Griffin, Blankenship and Newman",Technology,3280,New Sheila
91,Livingston Ltd,Finance,207,Johnsonberg
92,Kaiser and Sons,Retail,1354,East Joanne
93,Berg Ltd,Technology,4452,East Nicholastown
94,Jimenez PLC,Technology,3367,Lake Kimberlybury
95,Chandler-Whitehead,Healthcare,4140,Lake Cody
96,"Ward, Hicks and Powers",Manufacturing,3763,Jaredfurt
97,"Eaton, Peters and Harris",Technology,3234,North Brandon
98,"Huff, Atkinson and Hunt",Technology,295,Nicoleview
99,Smith LLC,Technology,1249,Palmerborough
100,"Russell, Vincent and Reed",Retail,1967,New Christopherside
